{"cameraMode":{"drawMode":0,"name":"Shaded","section":"Shading Mode"},"sceneLighting":true,"audioPlay":false,"sceneViewState":{"showFog":true,"showMaterialUpdate":true,"showSkybox":true,"showFlares":true,"showImageEffects":true,"showParticleSystems":true},"in2DMode":false,"pivot":{"x":0.20168691873550416,"y":-0.3937534987926483,"z":19.02861785888672},"rotation":{"x":-0.010809550993144513,"y":-0.005402265582233667,"z":0.00005826510096085258,"w":-0.9999259114265442},"size":10.0,"orthographic":false}