{"cameraMode":{"drawMode":0,"name":"Shaded","section":"Shading Mode"},"sceneLighting":true,"audioPlay":false,"sceneViewState":{"showFog":true,"showMaterialUpdate":false,"showSkybox":true,"showFlares":true,"showImageEffects":true,"showParticleSystems":true},"in2DMode":false,"pivot":{"x":0.21348713338375092,"y":0.28151077032089236,"z":-0.44431793689727785},"rotation":{"x":-0.07072605937719345,"y":-0.02633325569331646,"z":0.0018672191072255374,"w":-0.9971468448638916},"size":0.4127483665943146,"orthographic":false}