{"cameraMode":{"drawMode":0,"name":"Shaded","section":"Shading Mode"},"sceneLighting":true,"audioPlay":false,"sceneViewState":{"showFog":true,"showMaterialUpdate":true,"showSkybox":true,"showFlares":true,"showImageEffects":true,"showParticleSystems":true},"in2DMode":false,"pivot":{"x":0.43029940128326418,"y":-2.0694174766540529,"z":4.132948875427246},"rotation":{"x":-0.1704518347978592,"y":0.01536825392395258,"z":-0.0026589271146804096,"w":-0.9852386713027954},"size":2.8071064949035646,"orthographic":false}